keyword,intent,priority,status,last_used_at
AI議事録 自動化,比較検討フェーズで導入判断をしたい,10,used,2026-02-14
AI文章校正 ツール,無料から始める導入手順を知りたい,8,used,2026-02-13
画像生成 AI 業務利用,業務で安全に使う方法を知りたい,7,used,2026-02-14
AIチャットボット 社内導入,業務問い合わせ対応の効率化をしたい,10,used,2026-02-14
AIメール作成 自動化,日次メール作成時間を短縮したい,9,used,2026-02-14
AIプレゼン資料 作成,提案資料の作成工数を減らしたい,9,used,2026-02-14
AI翻訳 ツール 比較,多言語対応を低コストで実現したい,8,used,2026-02-14
AI要約 ツール おすすめ,会議や長文資料の要点把握を効率化したい,8,used,2026-02-14
AI議事録 テンプレート,会議後の共有を素早く標準化したい,7,new,
AIカスタマーサポート 自動化,一次対応の速度と品質を上げたい,10,used,2026-02-14
AIノーコード 自動化,開発リソース不足でも自動化したい,8,used,2026-02-15
AI営業メール 生成,商談化率を維持しつつ作業時間を減らしたい,8,used,2026-02-15
AI採用 書類選考 効率化,採用業務の工数を抑えたい,7,new,
AIマーケティング 文案 作成,SNSや広告文の作成を効率化したい,9,used,2026-02-14
AIブログ記事 作成 ツール,コンテンツ制作を定常化したい,9,used,2026-02-14
AI SEO 記事 生成,検索流入を増やすための記事制作を効率化したい,10,used,2026-02-14
AI画像編集 背景除去,クリエイティブ制作の作業時間を短縮したい,7,new,
AI動画生成 ビジネス活用,動画制作の初期コストを下げたい,8,used,2026-02-16
AI音声読み上げ ツール,ナレーション作成を自動化したい,7,new,
AI文字起こし ツール 比較,インタビューや会議記録を効率化したい,9,used,2026-02-14
AI FAQ 生成 自動化,サポートFAQ整備を高速化したい,8,used,2026-02-16
AI知識ベース 作成,社内ナレッジ共有を改善したい,7,new,
AIプロジェクト管理 効率化,進捗把握とレポート作成を自動化したい,8,used,2026-02-17
AIタスク自動化 ツール,反復作業を減らして生産性を上げたい,9,used,2026-02-14
AI議事録 要点抽出,会議後のアクション整理を早くしたい,8,used,2026-02-17
AIデザイン補助 ツール,バナーや資料デザインを高速化したい,7,new,
AI文章校正 ビジネス活用,社外向け文書の品質を安定化したい,8,new,
AI業務改善 事例,導入効果の再現性を確認したい,9,used,2026-02-14
AIツール コスト比較,月額費用対効果を把握したい,9,used,2026-02-14
AI導入 チェックリスト,失敗しない導入手順を確認したい,10,used,2026-02-14
AI API 活用 初心者,最小コストでAPI連携を始めたい,7,new,
AI自動化 失敗しない方法,運用停止リスクを下げたい,9,used,2026-02-14
ココナラ 活用 事例,導入効果の具体例を知りたい,9,used,2026-02-14
ココナラ 料金 比較,費用対効果を見極めたい,9,used,2026-02-14
ココナラ 導入 手順,失敗しない導入手順を確認したい,10,used,2026-02-14
ココナラ 使い方 初心者,まず何から始めるべきか知りたい,8,new,
ココナラ 業務効率化,実務での時短方法を知りたい,8,new,
Canva 活用 事例,導入効果の具体例を知りたい,9,used,2026-02-14
Canva 料金 比較,費用対効果を見極めたい,9,used,2026-02-14
Canva 導入 手順,失敗しない導入手順を確認したい,10,used,2026-02-14
Canva 使い方 初心者,まず何から始めるべきか知りたい,8,new,
Canva 業務効率化,実務での時短方法を知りたい,8,new,
人気資格講座 活用 事例,導入効果の具体例を知りたい,9,used,2026-02-14
人気資格講座 料金 比較,費用対効果を見極めたい,9,used,2026-02-14
人気資格講座 導入 手順,失敗しない導入手順を確認したい,10,used,2026-02-14
人気資格講座 使い方 初心者,まず何から始めるべきか知りたい,8,new,
人気資格講座 業務効率化,実務での時短方法を知りたい,8,new,
